{
  "abs_raw": "2024.05.03_raw_2",
  "A": [
    90018683787035.81,
    97205957298264.55,
    202802155320395.25,
    225042910473880.56,
    237931929483587.44,
    213847502087292.34,
    239777803686177.7,
    230301780247999.5,
    237136518464269.62,
    246994009252461.72,
    224882461901214.6
  ],
  "nl_correction": 5.7,
  "J_from_ophir": 28.530302860631632,
  "transmission_to_ophir": 0.035050451615775836
}