{
  "abs_raw": "2024.05.03_raw_3",
  "A": [
    89952172457893.27,
    98242602101481.34,
    203898038665342.25,
    224394586922637.16,
    236868129153851.28,
    214939122923561.16,
    239376722698947.7,
    228381792320709.88,
    235923068839085.2,
    244431146615609.9,
    230256525789902.22
  ],
  "nl_correction": 5.7,
  "J_from_ophir": 28.72290874988666,
  "transmission_to_ophir": 0.03481541541310457
}