{
  "abs_raw": "2024.05.07_raw_3",
  "A": [
    84587732174019.55,
    91351517108089.55,
    189204901682854.12,
    210795750628006.5,
    223948395630636.84,
    201731070543158.84,
    225754751013569.97,
    214995029780268.1,
    222585020515459.53,
    229286328776568.16,
    214018837499513.03
  ],
  "nl_correction": 5.7,
  "J_from_ophir": 30.09650678555753,
  "transmission_to_ophir": 0.03322644741215854
}