{
  "abs_raw": "2024.05.03_raw_1",
  "A": [
    89797133086717.8,
    98067964511904.61,
    203985763844276.6,
    222041881743642.53,
    235039186775903.1,
    214748541475284.12,
    237949145834682.6,
    224779316699034.0,
    232794055868827.56,
    240700992129488.44,
    231378021514672.2
  ],
  "nl_correction": 5.7,
  "J_from_ophir": 28.644355830642517,
  "transmission_to_ophir": 0.03491089155268216
}