{
  "abs_raw": "2024.05.03_raw_0",
  "A": [
    84217554850358.69,
    89819516483802.58,
    188580220475978.62,
    207163254893741.1,
    221650218749664.7,
    199661023329361.8,
    231535864420869.9,
    223303237265957.12,
    221692858051026.1,
    240631160650521.22,
    204851837198738.5
  ],
  "nl_correction": 5.7,
  "J_from_ophir": 28.8139898401412,
  "transmission_to_ophir": 0.0347053638023737
}