{"n_N2": 3.038037827971714e+24, "shotn": [460, 461, 462], "pressure": 92.7, "temperature": 21.5, "laser_energy": 1.25, "measured": [4553.88102006884, 4603.511140434843, 9412.352559111892, 10376.516705632292, 10469.864633296182, 9236.665957466374, 10601.191302977073, 10334.036810191841, 10041.310116888084, 10691.561983706757], "measured_std": [146.64647808959614, 138.1648806699803, 254.44566775776443, 291.9782329702764, 308.09797409868, 263.9423451866978, 288.1797120079531, 301.0378557642432, 281.66684189499904, 296.09318452686], "A": [9623424484550.133, 9765240064247.984, 19785337380486.02, 21778165765813.6, 22072270658920.945, 19737418491495.57, 22693163192953.367, 22106456964310.645, 21491218473160.63, 22862528373603.332], "measured_w/o_stray": [4489.067442970063, 4555.220578244269, 9229.325176865077, 10158.925761185435, 10296.117745451116, 9206.972310189014, 10585.747332567726, 10312.064733009101, 10025.072604093086, 10664.751612140875], "E_mult": 1, "stray": [64.81357709877761, 48.29056219057423, 183.02738224681502, 217.59094444685704, 173.74688784506452, 29.69364727736038, 15.443970409348323, 21.972077182740506, 16.23751279499827, 26.810371565882164], "stray_std": [15.984783831695529, 14.537747265855323, 23.578746114607895, 28.51638407380621, 25.695517725961636, 15.0063108544308, 17.243343404638416, 15.88996301006379, 15.623687032775862, 15.167320675148547], "J_from_int": 0.00041400200042454713}