{
  "abs_raw": "2023.01.16_raw_330Hz_1.6J_G2-10",
  "A": [
    939146464681695.4,
    1012069180690230.1,
    2101663286639291.2,
    1.2033107273466458e+16,
    1.1967749459012946e+16,
    1.1187892309288822e+16,
    1.2770589114416586e+16,
    1.2274126241978728e+16,
    1.236567282229323e+16,
    1.2479404240330238e+16,
    1.201489815909288e+16
  ],
  "nl_correction": 0.7,
  "J_from_int": 0.00031076049629997327
}