{
  "abs_raw": "2023.01.16_raw_330Hz_1.6J_G2-10",
  "A": [
    9.71294E+13,
    1.04671E+14,
    2.1736E+14,
    2.44049E+14,
    2.47863E+14,
    2.33266E+14,
    2.61685E+14,
    2.51904E+14,
    2.52207E+14,
    2.55176E+14,
    2.43263E+14
  ],
  "nl_correction": 0.7,
  "J_from_int": 0.00031076049629997327
}