{
  "abs_raw": "2023.02.03_raw_330Hz_1.6J_G2-10_cleaned",
  "A": [
    59403493823732.0,
    62884220010498.94,
    130938923964732.6,
    146083803996674.4,
    152826044662578.12,
    141893145828709.34,
    158540075807058.12,
    151494498443230.44,
    154357137801441.62,
    155944232036844.56,
    151683195220297.62
  ],
  "nl_correction": 10.5,
  "J_from_ophir": 30.86176008714808,
  "transmission_to_ophir": 0.0324025589330025
}