{
  "abs_raw": "2023.02.03_raw_330Hz_1.6J_G2-10_cleaned",
  "A": [
    11817949598719.783,
    12510418071436.477,
    26049471240151.273,
    29062449389672.875,
    30403775551540.086,
    28228744436872.797,
    31540545928571.375,
    30138872848084.45,
    30708376853270.35,
    31024119219166.637,
    30176412879104.14
  ],
  "nl_correction": 0.7,
  "J_from_ophir": 30.86176008714808,
  "transmission_to_ophir": 0.0324025589330025
}