{
  "type": "absolute calibration",
  "abs_raw": "2023.07.05_raw_DTS",
  "A": [
    23653391209695.844,
    36523166709465.38,
    43294077548465.35,
    47233703765566.22,
    45459544514828.96,
    38821880435541.78,
    37107239435969.79,
    30373380779952.01,
    367423798598.24396,
    865165311875.6454,
    39468004596876.91
  ],
  "nl_correction": 10.5,
  "J_from_ophir": 25.892917251415053,
  "transmission_to_ophir": 0.03862059999999999
}