{
  "abs_raw": "2023.10.12_raw",
  "A": [
    67802527751621.82,
    74494280730486.95,
    152189694103348.0,
    167438908656581.44,
    176588630053986.12,
    161563845069941.03,
    185110172111210.84,
    178039801842449.34,
    178181311587499.66,
    183242943751323.97,
    173315424313491.16
  ],
  "nl_correction": 5.7,
  "J_from_ophir": 34.32063888036973,
  "transmission_to_ophir": 0.02913698674100053
}