{
  "abs_raw": "2024.05.08_raw",
  "A": [
    89381706586908.5,
    96602013963980.48,
    197592514963833.66,
    225714825777944.62,
    237744101218927.97,
    242664979257605.1
  ],
  "nl_correction": 5.7,
  "J_from_ophir": 29.726003662429754,
  "transmission_to_ophir": 0.03364057985580769
}